,end_schedule
3,"{92: 12301, 91: 12326, 90: 12351, 1: 12443, 86: 12468, 87: 12528, 2: 12570, 3: 12611, 4: 12646, 36: 12649, 37: 12739, 5: 12767, 6: 12801, 7: 12834, 8: 12859, 9: 12918}"
4,"{10: 13861, 11: 13888, 12: 13918, 13: 13941, 14: 13963, 15: 13992, 38: 14161, 35: 14164, 34: 14186, 82: 14232, 81: 14270, 85: 14330, 84: 14351, 83: 14367, 16: 14431, 17: 14444, 88: 14469, 89: 14494, 93: 14553}"
26,"{92: 11041, 91: 11063, 90: 11085, 1: 11165, 86: 11187, 87: 11247, 2: 11284, 3: 11319, 4: 11349, 36: 11352, 37: 11581, 5: 11606, 6: 11636, 7: 11665, 8: 11687, 9: 11746}"
27,"{92: 12901, 91: 12926, 90: 12951, 1: 13043, 86: 13068, 87: 13128, 2: 13170, 3: 13211, 4: 13246, 36: 13249, 37: 13381, 5: 13409, 6: 13443, 7: 13476, 8: 13501, 9: 13560}"
36,"{10: 12481, 11: 12500, 12: 12521, 13: 12537, 14: 12552, 44: 12556, 45: 12574, 46: 12781, 47: 12785, 48: 12792, 65: 12807, 66: 12822, 67: 12837, 68: 12852, 69: 12867, 70: 12882, 71: 12897, 72: 12912, 73: 12923, 74: 12982}"
73,"{58: 10921, 57: 10932, 56: 10947, 55: 10962, 54: 10977, 53: 10992, 52: 11007, 51: 11022, 50: 11037, 49: 11052, 43: 11058, 35: 11061, 42: 11062, 36: 11065, 37: 11221, 5: 11241, 6: 11265, 7: 11288, 8: 11306, 9: 11365}"
74,"{58: 12661, 57: 12672, 56: 12687, 55: 12702, 54: 12717, 53: 12732, 52: 12747, 51: 12762, 50: 12777, 49: 12792, 43: 12798, 35: 12801, 42: 12802, 36: 12805, 37: 12961, 5: 12981, 6: 13005, 7: 13028, 8: 13046, 9: 13105}"
75,"{58: 14401, 57: 14412, 56: 14427, 55: 14442, 54: 14457, 53: 14472, 52: 14487, 51: 14502, 50: 14517, 49: 14532, 43: 14538, 35: 14541, 42: 14542, 36: 14545, 37: 14701, 5: 14721, 6: 14745, 7: 14768, 8: 14786, 9: 14845}"
110,"{10: 12181, 11: 12200, 12: 12221, 13: 12237, 14: 12252, 44: 12256, 45: 12274, 46: 12481, 47: 12485, 48: 12492, 65: 12507, 66: 12522, 67: 12537, 68: 12552, 69: 12567, 70: 12582, 71: 12597, 72: 12612, 73: 12623, 74: 12682}"
112,"{10: 13981, 11: 14000, 12: 14021, 13: 14037, 14: 14052, 44: 14056, 45: 14074, 46: 14341, 47: 14345, 48: 14352, 65: 14367, 66: 14382, 67: 14397, 68: 14412, 69: 14427, 70: 14442, 71: 14457, 72: 14472, 73: 14483, 74: 14542}"
115,"{58: 11701, 57: 11712, 56: 11727, 55: 11742, 54: 11757, 53: 11772, 52: 11787, 51: 11802, 50: 11817, 49: 11832, 43: 11838, 35: 11841, 42: 11842, 36: 11845, 37: 12001, 5: 12021, 6: 12045, 7: 12068, 8: 12086, 9: 12145}"
117,"{58: 13501, 57: 13512, 56: 13527, 55: 13542, 54: 13557, 53: 13572, 52: 13587, 51: 13602, 50: 13617, 49: 13632, 43: 13638, 35: 13641, 42: 13642, 36: 13645, 37: 13801, 5: 13821, 6: 13845, 7: 13868, 8: 13886, 9: 13945}"
190,"{10: 10921, 11: 10942, 12: 10965, 13: 10983, 14: 11000, 15: 11023, 38: 11221, 35: 11224, 34: 11241, 82: 11276, 81: 11306, 85: 11366, 84: 11383, 83: 11395, 16: 11445, 17: 11455, 88: 11475, 89: 11495, 93: 11554}"
192,"{10: 13561, 11: 13588, 12: 13618, 13: 13641, 14: 13663, 15: 13692, 38: 13861, 35: 13864, 34: 13886, 82: 13932, 81: 13970, 85: 14030, 84: 14051, 83: 14067, 16: 14131, 17: 14144, 88: 14169, 89: 14194, 93: 14253}"
193,"{92: 13561, 91: 13586, 90: 13611, 1: 13703, 86: 13728, 87: 13788, 2: 13830, 3: 13871, 4: 13906, 36: 13909, 37: 14041, 5: 14069, 6: 14103, 7: 14136, 8: 14161, 9: 14220}"
194,"{10: 14161, 11: 14185, 12: 14211, 13: 14231, 14: 14250, 15: 14276, 38: 14461, 35: 14464, 34: 14483, 82: 14523, 81: 14556, 85: 14616, 84: 14635, 83: 14649, 16: 14705, 17: 14716, 88: 14738, 89: 14760, 93: 14819}"
242,"{10: 12901, 11: 12928, 12: 12958, 13: 12981, 14: 13003, 15: 13032, 38: 13201, 35: 13204, 34: 13226, 82: 13272, 81: 13310, 85: 13370, 84: 13391, 83: 13407, 16: 13471, 17: 13484, 88: 13509, 89: 13534, 93: 13593}"
273,"{92: 11701, 91: 11721, 90: 11741, 1: 11812, 86: 11831, 87: 11891, 2: 11924, 3: 11955, 4: 11982, 36: 11985, 37: 12181, 5: 12203, 6: 12229, 7: 12255, 8: 12275, 9: 12334}"
275,"{92: 13801, 91: 13821, 90: 13841, 1: 13912, 86: 13931, 87: 13991, 2: 14024, 3: 14055, 4: 14082, 36: 14085, 37: 14281, 5: 14303, 6: 14329, 7: 14355, 8: 14375, 9: 14434}"
276,"{10: 11341, 11: 11368, 12: 11398, 13: 11421, 14: 11443, 15: 11472, 38: 11641, 35: 11644, 34: 11666, 82: 11712, 81: 11750, 85: 11810, 84: 11831, 83: 11847, 16: 11911, 17: 11924, 88: 11949, 89: 11974, 93: 12033}"
278,"{10: 13261, 11: 13288, 12: 13318, 13: 13341, 14: 13363, 15: 13392, 38: 13561, 35: 13564, 34: 13586, 82: 13632, 81: 13670, 85: 13730, 84: 13751, 83: 13767, 16: 13831, 17: 13844, 88: 13869, 89: 13894, 93: 13953}"
280,"{10: 14401, 11: 14428, 12: 14458, 13: 14481, 14: 14503, 15: 14532, 38: 14701, 35: 14704, 34: 14726, 82: 14772, 81: 14810, 85: 14870, 84: 14891, 83: 14907, 16: 14971, 17: 14984, 88: 15009, 89: 15034, 93: 15093}"
342,"{92: 10921, 91: 10946, 90: 10971, 1: 11063, 86: 11088, 87: 11148, 2: 11190, 3: 11231, 4: 11266, 36: 11269, 37: 11461, 5: 11489, 6: 11523, 7: 11556, 8: 11581, 9: 11640}"
343,"{10: 12301, 11: 12328, 12: 12358, 13: 12381, 14: 12403, 15: 12432, 38: 12601, 35: 12604, 34: 12626, 82: 12672, 81: 12710, 85: 12770, 84: 12791, 83: 12807, 16: 12871, 17: 12884, 88: 12909, 89: 12934, 93: 12993}"
344,"{92: 12841, 91: 12861, 90: 12881, 1: 12952, 86: 12971, 87: 13031, 2: 13064, 3: 13095, 4: 13122, 36: 13125, 37: 13381, 5: 13403, 6: 13429, 7: 13455, 8: 13475, 9: 13534}"
369,"{92: 12061, 91: 12083, 90: 12105, 1: 12185, 86: 12207, 87: 12267, 2: 12304, 3: 12339, 4: 12369, 36: 12372, 37: 12481, 5: 12506, 6: 12536, 7: 12565, 8: 12587, 9: 12646}"
372,"{10: 11401, 11: 11422, 12: 11445, 13: 11463, 14: 11480, 15: 11503, 38: 11641, 35: 11644, 34: 11661, 82: 11696, 81: 11726, 85: 11786, 84: 11803, 83: 11815, 16: 11865, 17: 11875, 88: 11895, 89: 11915, 93: 11974}"
374,"{10: 13201, 11: 13225, 12: 13251, 13: 13271, 14: 13290, 15: 13316, 38: 13441, 35: 13444, 34: 13463, 82: 13503, 81: 13536, 85: 13596, 84: 13615, 83: 13629, 16: 13685, 17: 13696, 88: 13718, 89: 13740, 93: 13799}"
387,"{92: 11941, 91: 11961, 90: 11981, 1: 12052, 86: 12071, 87: 12131, 2: 12164, 3: 12195, 4: 12222, 36: 12225, 37: 12421, 5: 12443, 6: 12469, 7: 12495, 8: 12515, 9: 12574}"
388,"{92: 12361, 91: 12383, 90: 12405, 1: 12485, 86: 12507, 87: 12567, 2: 12604, 3: 12639, 4: 12669, 36: 12672, 37: 12901, 5: 12926, 6: 12956, 7: 12985, 8: 13007, 9: 13066}"
389,"{10: 11041, 11: 11062, 12: 11085, 13: 11103, 14: 11120, 15: 11143, 38: 11401, 35: 11404, 34: 11421, 82: 11456, 81: 11486, 85: 11546, 84: 11563, 83: 11575, 16: 11625, 17: 11635, 88: 11655, 89: 11675, 93: 11734}"
390,"{92: 14041, 91: 14061, 90: 14081, 1: 14152, 86: 14171, 87: 14231, 2: 14264, 3: 14295, 4: 14322, 36: 14325, 37: 14521, 5: 14543, 6: 14569, 7: 14595, 8: 14615, 9: 14674}"
391,"{10: 13741, 11: 13765, 12: 13791, 13: 13811, 14: 13830, 15: 13856, 38: 14041, 35: 14044, 34: 14063, 82: 14103, 81: 14136, 85: 14196, 84: 14215, 83: 14229, 16: 14285, 17: 14296, 88: 14318, 89: 14340, 93: 14399}"
434,"{92: 11281, 91: 11306, 90: 11331, 1: 11423, 86: 11448, 87: 11508, 2: 11550, 3: 11591, 4: 11626, 36: 11629, 37: 11761, 5: 11789, 6: 11823, 7: 11856, 8: 11881, 9: 11940}"
435,"{92: 13141, 91: 13161, 90: 13181, 1: 13252, 86: 13271, 87: 13331, 2: 13364, 3: 13395, 4: 13422, 36: 13425, 37: 13621, 5: 13643, 6: 13669, 7: 13695, 8: 13715, 9: 13774}"
438,"{10: 11941, 11: 11962, 12: 11985, 13: 12003, 14: 12020, 15: 12043, 38: 12241, 35: 12244, 34: 12261, 82: 12296, 81: 12326, 85: 12386, 84: 12403, 83: 12415, 16: 12465, 17: 12475, 88: 12495, 89: 12515, 93: 12574}"
